SeverityLevel,Count,Percentage
2,201748,67.61127905
3,94330,31.61256594
4,2193,0.734934349
1,120,0.040215286
0,3,0.001005382